{"cameraMode":{"drawMode":0,"name":"Shaded","section":"Shading Mode"},"sceneLighting":false,"audioPlay":false,"sceneViewState":{"m_AlwaysRefresh":false,"showFog":true,"showSkybox":true,"showFlares":true,"showImageEffects":true,"showParticleSystems":true,"showVisualEffectGraphs":true,"m_FxEnabled":true},"in2DMode":false,"pivot":{"x":-2.2017273902893068,"y":3.700749158859253,"z":-1.4855393171310425},"rotation":{"x":-0.039959486573934558,"y":0.9516944885253906,"z":-0.14092496037483216,"w":-0.26985448598861697},"size":10.65782356262207,"orthographic":false}